{
    "active_routing": "Default",
    "core_box_clash_api": -9090,
    "core_box_clash_api_secret": "",
    "core_box_clash_listen_addr": "127.0.0.1",
    "core_box_underlying_dns": "",
    "current_group": 0,
    "custom_inbound": "{\"inbounds\": []}",
    "custom_route": "{\"rules\": []}",
    "disable_privilege_req": false,
    "disable_traffic_stats": false,
    "dns_server_listen_addr": "127.0.0.1",
    "dns_server_listen_port": 53,
    "dns_v4_resp": "127.0.0.1",
    "dns_v6_resp": "::1",
    "enable_dns_server": false,
    "enable_ntp": false,
    "enable_redirect": false,
    "enable_stats": true,
    "enable_tun_routing": false,
    "fakedns": false,
    "font": "",
    "font_size": 0,
    "geoip_download_url": "",
    "geosite_download_url": "",
    "hk_group": "",
    "hk_mw": "",
    "hk_route": "",
    "hk_spmenu": "",
    "hk_toggle": "",
    "inbound_address": "127.0.0.1",
    "inbound_socks_port": 2080,
    "is_dhcp": false,
    "language": 0,
    "log_level": "info",
    "max_log_line": 200,
    "mux_concurrency": 8,
    "mux_default_on": false,
    "mux_padding": false,
    "mux_protocol": "smux",
    "mw_size": "1080x684",
    "ntp_interval": "5м",
    "ntp_server_address": "",
    "ntp_server_port": 0,
    "proxy_scheme": "{ip}:{port}",
    "redirect_listen_address": "127.0.0.1",
    "redirect_listen_port": 443,
    "remember_enable": true,
    "remember_id": -1919,
    "skip_cert": false,
    "splitter_state": "AAAA/wAAAAEAAAACAAAA3gAAAN4B/////wEAAAACAA==",
    "start_minimal": false,
    "stats_tab": "Журналы",
    "sub_auto_update": -30,
    "sub_clear": false,
    "sub_insecure": false,
    "sub_use_proxy": false,
    "system_dns_set": false,
    "test_concurrent": 10,
    "test_url": "http://cp.cloudflare.com/",
    "theme": "windowsvista",
    "user_agent2": "",
    "utlsFingerprint": "",
    "vpn_impl": "system",
    "vpn_ipv6": false,
    "vpn_mtu": 1500,
    "vpn_strict_route": true,
    "windows_set_admin": false
}
