{
    "id": 0,
    "name": "Default",
    "rules": [
        {
            "actionType": "hijack-dns",
            "invert": false,
            "ip_is_private": false,
            "ip_version": "",
            "name": "Route DNS",
            "network": "",
            "noDrop": false,
            "outboundID": -2,
            "override_address": "",
            "override_port": 0,
            "protocol": "dns",
            "rejectMethod": "",
            "simple_action": 0,
            "sniffOverrideDest": false,
            "source_ip_is_private": false,
            "strategy": "",
            "type": 0
        },
        {
            "actionType": "route",
            "domain": [
                "vk.com"
            ],
            "domain_keyword": [
                "yandex",
                "yastatic",
                "userapi",
                "vkuseraudio"
            ],
            "domain_suffix": [
                "ru",
                "рф",
                "su"
            ],
            "invert": false,
            "ip_is_private": false,
            "ip_version": "",
            "name": "Simple Address -> direct",
            "network": "",
            "noDrop": false,
            "outboundID": -2,
            "override_address": "",
            "override_port": 0,
            "protocol": "",
            "rejectMethod": "",
            "simple_action": 0,
            "sniffOverrideDest": false,
            "source_ip_is_private": false,
            "strategy": "",
            "type": 1
        },
        {
            "actionType": "route",
            "invert": false,
            "ip_is_private": false,
            "ip_version": "",
            "name": "Simple Process Name -> direct",
            "network": "",
            "noDrop": false,
            "outboundID": -2,
            "override_address": "",
            "override_port": 0,
            "process_name": [
                "steam"
            ],
            "protocol": "",
            "rejectMethod": "",
            "simple_action": 0,
            "sniffOverrideDest": false,
            "source_ip_is_private": false,
            "strategy": "",
            "type": 2
        }
    ]
}
